12;03 charivari.ogg
9;05 Piste 5.ogg
93;06 Piste 6.ogg
107;07 Piste 7.ogg
121;08 A Guy Like You.ogg
127;08 Piste 8.ogg
60;09 Piste 9.ogg
25;10 The Court of Miracles.ogg
23;11 Piste 11.ogg
4;12 Bella notte.ogg
105;13 Au détour de la rivière.ogg
19;13 Piste 13.ogg
102;16 Piste 16.ogg
106;18 Piste 18.ogg
13;22 Histoire Eternelle.ogg
88;Aladdin - Je suis ton meilleur ami.ogg
11;Blanche Neige et les Sept Nains - Heigh-ho !.ogg
6;De Zéro en Héros.ogg
78;Enfant de l'homme.ogg
3;Frozen - Let It Go (French version).ogg
5;Hercule - Jamais je navouerai.ogg
18;La Reine des Neiges - Je voudrais un bonhomme de neige.ogg
17;Les Aristochats - Tout le monde veut devenir un cat.ogg
73;Mulan - Comme un homme.ogg
119;Mulan - Honneur a tous.ogg
110;Prince Ali.ogg
59;Raiponce - Jai un reve.ogg
104;Raiponce - Je veux y croire.ogg
72;Tarzan - Je veux savoir.ogg
109;Vaiana la legende du bout du monde - Le Bleu Lumiere.ogg
