106;naindows-aie01.ogg;1
59;naindows-aie02.ogg;1
12;naindows-aie03.ogg;1
13;naindows-aie04.ogg;2
6;naindows-awww.ogg;2
60;naindows-boitededeception.ogg;2
110;naindows-bordeluncourrier.ogg;3
102;naindows-cestpourri.ogg;3
104;naindows-chaussette.ogg;3
119;naindows-chiantos.ogg;4
105;naindows-corbeille01.ogg;4
3;naindows-corbeille02.ogg;4
11;naindows-danstagueule.ogg;5
9;naindows-danstoncul.ogg;5
5;naindows-demarrage01.ogg;5
4;naindows-demarrage02.ogg;6
88;naindows-ding.ogg;6
107;naindows-etpaf.ogg;6
109;naindows-findesession01.ogg;7
93;naindows-findesession02.ogg;7
127;naindows-findesession03.ogg;7
17;naindows-gnagnagna.ogg;8
25;naindows-gueuledendive.ogg;8
23;naindows-guilinness.ogg;8
19;naindows-hahaha01.ogg;9
18;naindows-hahaha02.ogg;9
72;naindows-hola.ogg;9
78;naindows-holautre.ogg;10
73;naindows-jenaimarre.ogg;10
121;naindows-nazgulentongs.ogg;10
win1;naindows-findesession04.ogg
win2;naindows-findesession04.ogg
win3;naindows-findesession04.ogg
win4;naindows-findesession04.ogg
win5;naindows-findesession04.ogg
win6;naindows-findesession04.ogg
win7;naindows-findesession04.ogg
win8;naindows-findesession04.ogg
win9;naindows-findesession04.ogg
win10;naindows-findesession04.ogg
